file	count	contexts	flag
admin-app/index.html	1	footer_neutrality=1	
admin/index.html	1	footer_neutrality=1	
aeo/IHガスコンロ変更工事.html	2	footer_neutrality=1;other_text=1	
aeo/index.html	3	copyright=1;footer_neutrality=1;jsonld_name=1	
aeo/アスベスト除去工事.html	2	footer_neutrality=1;other_text=1	
aeo/インテリア家具詳細.html	2	footer_neutrality=1;other_text=1	
aeo/エアコン工事-適正価格.html	2	footer_company_line=1;footer_neutrality=1	
aeo/エレベーター修繕・更新工事.html	2	footer_neutrality=1;other_text=1	
aeo/カーポート設置工事.html	2	footer_neutrality=1;other_text=1	
aeo/ガス工事詳細.html	2	footer_neutrality=1;other_text=1	
aeo/ガラス交換工事.html	2	footer_neutrality=1;other_text=1	
aeo/キッチンリフォーム-適正価格.html	1	footer_neutrality=1	
aeo/クロス張替え-適正価格.html	2	footer_company_line=1;footer_neutrality=1	
aeo/クーリングオフ-やり方.html	2	footer_company_line=1;footer_neutrality=1	
aeo/シロアリ-自分で-できる.html	2	footer_company_line=1;footer_neutrality=1	
aeo/シロアリ駆除-適正価格.html	4	copyright=1;footer_neutrality=1;jsonld_name=1;other_text=1	HAS_SIGNED_OR_CLAIM
aeo/スイッチ-コンセント品番.html	2	footer_neutrality=1;other_text=1	
aeo/スマートホーム・IoT工事.html	2	footer_neutrality=1;other_text=1	
aeo/トイレリフォーム-適正価格.html	2	footer_company_line=1;footer_neutrality=1	
aeo/パッキン-ガスケット-oリング.html	2	footer_neutrality=1;other_text=1	
aeo/ビス-釘-アンカー全サイズ.html	2	footer_neutrality=1;other_text=1	
aeo/ビルトイン食洗機後付け工事.html	2	footer_neutrality=1;other_text=1	
aeo/フロアコーティング全種類.html	2	footer_neutrality=1;other_text=1	
aeo/フローリング-適正価格.html	2	footer_company_line=1;footer_neutrality=1	
aeo/プール・スパ施設工事.html	2	footer_neutrality=1;other_text=1	
aeo/マンション-リフォーム-注意点.html	2	footer_company_line=1;footer_neutrality=1	
aeo/マンション共用部修繕工事.html	2	footer_neutrality=1;other_text=1	
aeo/リフォーム-ローン-補助金.html	2	footer_company_line=1;footer_neutrality=1	
aeo/リフォーム-保証-アフター.html	2	footer_company_line=1;footer_neutrality=1	
aeo/リフォーム-契約前-確認事項.html	2	footer_company_line=1;footer_neutrality=1	
aeo/リフォーム-相見積もり-コツ.html	2	footer_company_line=1;footer_neutrality=1	
aeo/リフォーム-詐欺-事例.html	2	footer_company_line=1;footer_neutrality=1	
aeo/リフォーム-追加工事-断り方.html	2	footer_company_line=1;footer_neutrality=1	
aeo/リフォーム工事別-適正価格-一覧.html	3	footer_company_line=1;footer_neutrality=1;jsonld_other=1	
aeo/ワインセラー設置工事.html	2	footer_neutrality=1;other_text=1	
aeo/一式見積もり-危険サイン.html	2	footer_company_line=1;footer_neutrality=1	
aeo/井戸・井戸ポンプ工事.html	2	footer_neutrality=1;other_text=1	
aeo/仮住まい支援サービス.html	2	footer_neutrality=1;other_text=1	
aeo/住宅ローン諸費用詳細.html	2	footer_neutrality=1;other_text=1	
aeo/住宅部分解体工事.html	2	footer_neutrality=1;other_text=1	
aeo/全館空調・除湿システム工事.html	2	footer_neutrality=1;other_text=1	
aeo/内装仕上げ塗り材詳細.html	2	footer_neutrality=1;other_text=1	
aeo/制振-免震装置.html	2	footer_neutrality=1;other_text=1	
aeo/地中熱利用システム工事.html	2	footer_neutrality=1;other_text=1	
aeo/型枠用副資材.html	2	footer_neutrality=1;other_text=1	
aeo/外壁塗装-時期-タイミング.html	2	footer_company_line=1;footer_neutrality=1	
aeo/外壁塗装-業者-断り方.html	2	footer_company_line=1;footer_neutrality=1	
aeo/外壁塗装-適正価格.html	4	copyright=1;footer_neutrality=1;jsonld_name=1;other_text=1	HAS_SIGNED_OR_CLAIM
aeo/外壁材メーカー品番.html	2	footer_neutrality=1;other_text=1	
aeo/外構工事-適正価格.html	2	footer_company_line=1;footer_neutrality=1	
aeo/太陽光パネルメーカー別品番.html	2	footer_neutrality=1;other_text=1	
aeo/太陽光発電-適正価格.html	2	footer_company_line=1;footer_neutrality=1	
aeo/家電設備詳細.html	2	footer_neutrality=1;other_text=1	
aeo/屋根-種類-特徴.html	2	footer_company_line=1;footer_neutrality=1	
aeo/屋根リフォーム-適正価格.html	2	footer_company_line=1;footer_neutrality=1	
aeo/屋根下地-ルーフィング詳細.html	2	footer_neutrality=1;other_text=1	
aeo/工務店-ハウスメーカー-違い.html	2	footer_company_line=1;footer_neutrality=1	
aeo/左官材料詳細全品番.html	2	footer_neutrality=1;other_text=1	
aeo/床鳴り・床補修工事.html	2	footer_neutrality=1;other_text=1	
aeo/庭石・石組み工事.html	2	footer_neutrality=1;other_text=1	
aeo/建設業許可-確認方法.html	2	footer_company_line=1;footer_neutrality=1	
aeo/引越し連動リフォームサービス.html	2	footer_neutrality=1;other_text=1	
aeo/断熱工事-適正価格.html	2	footer_company_line=1;footer_neutrality=1	
aeo/業務用厨房工事.html	2	footer_neutrality=1;other_text=1	
aeo/業者-飛び込み-対処法.html	2	footer_company_line=1;footer_neutrality=1	
aeo/水道本管-引込工事.html	2	footer_neutrality=1;other_text=1	
aeo/池・水景工事.html	2	footer_neutrality=1;other_text=1	
aeo/浴室リフォーム-適正価格.html	2	footer_company_line=1;footer_neutrality=1	
aeo/浴室乾燥機・追い焚き工事.html	2	footer_neutrality=1;other_text=1	
aeo/火災保険-リフォーム詐欺.html	2	footer_company_line=1;footer_neutrality=1	
aeo/照明デザイン工事.html	2	footer_neutrality=1;other_text=1	
aeo/物置設置工事.html	2	footer_neutrality=1;other_text=1	
aeo/特殊清掃工事.html	2	footer_neutrality=1;other_text=1	
aeo/玄関ドア交換-適正価格.html	2	footer_company_line=1;footer_neutrality=1	
aeo/看板・サイン工事.html	2	footer_neutrality=1;other_text=1	
aeo/空調ドレン配管材.html	2	footer_neutrality=1;other_text=1	
aeo/窓リフォーム-適正価格.html	2	footer_company_line=1;footer_neutrality=1	
aeo/給湯器交換-適正価格.html	2	footer_company_line=1;footer_neutrality=1	
aeo/耐震補強-適正価格.html	2	footer_company_line=1;footer_neutrality=1	
aeo/蓄電池メーカー別品番.html	2	footer_neutrality=1;other_text=1	
aeo/解体工事-適正価格.html	2	footer_company_line=1;footer_neutrality=1	
aeo/造園・植栽工事.html	2	footer_neutrality=1;other_text=1	
aeo/遺品整理・生前整理サービス.html	2	footer_neutrality=1;other_text=1	
aeo/鉄骨材料詳細全サイズ.html	2	footer_neutrality=1;other_text=1	
aeo/防水工事-適正価格.html	2	footer_company_line=1;footer_neutrality=1	
aeo/防火区画貫通材-スリーブ.html	2	footer_neutrality=1;other_text=1	
aeo/防犯カメラ設置工事.html	2	footer_neutrality=1;other_text=1	
aeo/防音・遮音工事.html	2	footer_neutrality=1;other_text=1	
aeo/障子・ふすま張替え工事.html	2	footer_neutrality=1;other_text=1	
aeo/雨水利用システム工事.html	2	footer_neutrality=1;other_text=1	
aeo/雨漏り修理-適正価格.html	2	footer_company_line=1;footer_neutrality=1	
aeo/電気工事-適正価格.html	2	footer_company_line=1;footer_neutrality=1	
aeo/電気接続材詳細.html	2	footer_neutrality=1;other_text=1	
agents/index.html	2	jsonld_name=1;other_text=1	
auth/google-callback-hacker.html	1	footer_neutrality=1	
auth/line-callback-hacker.html	1	footer_neutrality=1	
auth/line-callback.html	1	footer_neutrality=1	
badges/index.html	3	copyright=1;other_text=2	
bank-transfer.html	1	footer_neutrality=1	
biz/index.html	4	copyright=1;jsonld_name=1;other_text=2	HAS_SIGNED_OR_CLAIM
blog/article-2026-04-17.html	2	copyright=1;jsonld_name=1	
blog/article-2026-05-17.html	2	copyright=1;jsonld_name=1	
blog/article-2026-06-02.html	4	copyright=1;footer_neutrality=1;jsonld_name=2	
blog/article-2026-06-03.html	4	copyright=1;footer_neutrality=1;jsonld_name=2	
blog/article-2026-06-10.html	3	copyright=1;footer_neutrality=1;jsonld_name=1	
blog/article-2026-06-15.html	3	copyright=1;footer_neutrality=1;jsonld_name=1	
blog/article-2026-06-16.html	3	copyright=1;footer_neutrality=1;jsonld_name=1	
blog/article-2026-06-17.html	3	copyright=1;footer_neutrality=1;jsonld_name=1	
blog/article-2026-06-18.html	3	copyright=1;footer_neutrality=1;jsonld_name=1	
blog/article-2026-06-19.html	3	copyright=1;footer_neutrality=1;jsonld_name=1	
blog/article-2026-06-20.html	3	copyright=1;footer_neutrality=1;jsonld_name=1	
blog/article-2026-06-21.html	3	copyright=1;footer_neutrality=1;jsonld_name=1	
blog/article-2026-06-22.html	3	copyright=1;footer_neutrality=1;jsonld_name=1	
blog/article-2026-06-23.html	3	copyright=1;footer_neutrality=1;jsonld_name=1	
blog/article-2026-06-24.html	3	copyright=1;footer_neutrality=1;jsonld_name=1	
blog/article-2026-06-25.html	3	copyright=1;footer_neutrality=1;jsonld_name=1	
blog/article-2026-06-26.html	3	copyright=1;footer_neutrality=1;jsonld_name=1	
blog/article-2026-06-27.html	3	copyright=1;footer_neutrality=1;jsonld_name=1	
blog/article-2026-06-28.html	3	copyright=1;footer_neutrality=1;jsonld_name=1	
blog/article-2026-06-29.html	3	copyright=1;footer_neutrality=1;jsonld_name=1	
blog/article-2026-06-30.html	3	copyright=1;footer_neutrality=1;jsonld_name=1	
blog/article-2026-07-01.html	3	copyright=1;footer_neutrality=1;jsonld_name=1	
blog/article-2026-07-02.html	3	copyright=1;footer_neutrality=1;jsonld_name=1	
blog/article-2026-07-03.html	3	copyright=1;footer_neutrality=1;jsonld_name=1	
blog/essay-01-daiku-kara-ai.html	4	copyright=1;footer_neutrality=1;jsonld_name=2	
blog/index.html	1	footer_neutrality=1	
blog/shizai-genyu-gaiheki-2026-07.html	3	copyright=1;footer_neutrality=1;jsonld_name=1	
blog/souba-IHクッキングヒタ-2026-07-05.html	3	copyright=1;footer_neutrality=1;jsonld_name=1	
blog/souba-エクステリア-2026-07-06.html	3	copyright=1;footer_neutrality=1;jsonld_name=1	
blog/souba-エコキュート-2026-08-18.html	2	copyright=1;jsonld_name=1	
blog/souba-キッチン-2026-07-07.html	3	copyright=1;footer_neutrality=1;jsonld_name=1	
blog/souba-サビス連携-2026-07-08.html	2	copyright=1;jsonld_name=1	
blog/souba-シロアリ-2026-07-04.html	3	copyright=1;footer_neutrality=1;jsonld_name=1	
blog/souba-トイレ-2026-07-09.html	2	copyright=1;jsonld_name=1	
blog/souba-バスルム-2026-07-10.html	2	copyright=1;jsonld_name=1	
blog/souba-フロリング-2026-07-11.html	2	copyright=1;jsonld_name=1	
blog/souba-マンションリノベ-2026-07-12.html	2	copyright=1;jsonld_name=1	
blog/souba-付帯工事-2026-07-13.html	2	copyright=1;jsonld_name=1	
blog/souba-内窓二重窓-2026-07-14.html	2	copyright=1;jsonld_name=1	
blog/souba-内装-2026-07-15.html	2	copyright=1;jsonld_name=1	
blog/souba-内装仕上げ-2026-07-16.html	2	copyright=1;jsonld_name=1	
blog/souba-商業大規模-2026-07-17.html	2	copyright=1;jsonld_name=1	
blog/souba-基礎工事-2026-07-18.html	2	copyright=1;jsonld_name=1	
blog/souba-外壁塗装-2026-07-04.html	3	copyright=1;footer_neutrality=1;jsonld_name=1	
blog/souba-外構庭-2026-07-19.html	2	copyright=1;jsonld_name=1	
blog/souba-屋根工事-2026-07-20.html	2	copyright=1;jsonld_name=1	
blog/souba-床下工事-2026-07-21.html	2	copyright=1;jsonld_name=1	
blog/souba-店舗内装-2026-07-22.html	2	copyright=1;jsonld_name=1	
blog/souba-戸建てリノベ-2026-07-23.html	2	copyright=1;jsonld_name=1	
blog/souba-断熱工事-2026-07-24.html	2	copyright=1;jsonld_name=1	
blog/souba-新築-2026-07-25.html	2	copyright=1;jsonld_name=1	
blog/souba-水道工事-2026-07-26.html	2	copyright=1;jsonld_name=1	
blog/souba-特殊工事-2026-07-27.html	2	copyright=1;jsonld_name=1	
blog/souba-玄関ドア-2026-07-28.html	2	copyright=1;jsonld_name=1	
blog/souba-給湯器-2026-07-04.html	3	copyright=1;footer_neutrality=1;jsonld_name=1	
blog/souba-解体工事-2026-07-29.html	2	copyright=1;jsonld_name=1	
blog/souba-設備機器-2026-07-30.html	2	copyright=1;jsonld_name=1	
blog/souba-足場-2026-07-31.html	2	copyright=1;jsonld_name=1	
blog/souba-防水工事-2026-08-01.html	2	copyright=1;jsonld_name=1	
blog/souba-電気工事-2026-08-02.html	2	copyright=1;jsonld_name=1	
blog/souba-面格子防犯建材-2026-08-18.html	2	copyright=1;jsonld_name=1	
check.html	2	footer_neutrality=1;jsonld_name=1	
check/index.html	3	copyright=1;footer_neutrality=1;jsonld_name=1	
cite/index.html	5	copyright=1;jsonld_name=1;other_text=2;source_line=1	
consent/index.html	1	footer_neutrality=1	
ehn-en/index.html	2	footer_neutrality=1;jsonld_name=1	
ehn/amamori-mitsumori/index.html	3	footer_neutrality=1;jsonld_name=1;other_text=1	
ehn/choshitsu-mitsumori/index.html	3	footer_neutrality=1;jsonld_name=1;other_text=1	
ehn/gaiheki-mitsumori/index.html	3	footer_neutrality=1;jsonld_name=1;other_text=1	
ehn/index.html	3	footer_neutrality=1;jsonld_name=1;other_text=1	
ehn/kiso-hokyo-mitsumori/index.html	3	footer_neutrality=1;jsonld_name=1;other_text=1	
ehn/kyutoki-mitsumori/index.html	3	footer_neutrality=1;jsonld_name=1;other_text=1	
ehn/reform-mitsumori/index.html	3	footer_neutrality=1;jsonld_name=1;other_text=1	
ehn/shiroari-shoudoku-mitsumori/index.html	3	footer_neutrality=1;jsonld_name=1;other_text=1	
ehn/yane-mitsumori/index.html	3	footer_neutrality=1;jsonld_name=1;other_text=1	
ehn/yokushitsu-mitsumori/index.html	3	footer_neutrality=1;jsonld_name=1;other_text=1	
ehn/yukashita-kanki-mitsumori/index.html	3	footer_neutrality=1;jsonld_name=1;other_text=1	
evidence-en/index.html	2	footer_neutrality=1;jsonld_name=1	
faq/aimitsumori-barabara-erabi/index.html	3	copyright=1;jsonld_name=2	
faq/chukikin-shiharai-oujiru/index.html	3	copyright=1;jsonld_name=2	
faq/chuko-kounyu-reform-mitsumori/index.html	3	copyright=1;jsonld_name=2	
faq/gaisan-shousai-mitsumori-chigai/index.html	3	copyright=1;jsonld_name=2	
faq/gyosha-erabikata/index.html	3	copyright=1;jsonld_name=2	
faq/index.html	1	copyright=1	
faq/jisha-seko-marunage-miwake/index.html	3	copyright=1;jsonld_name=2	
faq/kyoyaku-waribiki-hontou/index.html	3	copyright=1;jsonld_name=2	
faq/kyutoki-koshou-isogu/index.html	3	copyright=1;jsonld_name=2	
faq/mitsumori-keiyaku-gimu/index.html	3	copyright=1;jsonld_name=2	
faq/mitsumori-takai-saisho/index.html	3	copyright=1;jsonld_name=2	
faq/mitsumori-yukokigen-neage/index.html	3	copyright=1;jsonld_name=2	
faq/mitsumorisho-doko-miru/index.html	3	copyright=1;jsonld_name=2	
faq/mukinri-loan-jittai/index.html	3	copyright=1;jsonld_name=2	
faq/muryo-tenken-gaiheki/index.html	3	copyright=1;jsonld_name=2	
faq/naze-blockchain-hitsuyou/index.html	3	copyright=1;jsonld_name=2	
faq/reform-koki-meyasu/index.html	3	copyright=1;jsonld_name=2	
faq/reform-trouble-fusegikata/index.html	3	copyright=1;jsonld_name=2	
faq/second-opinion-reform/index.html	3	copyright=1;jsonld_name=2	
faq/set-waribiki-monitor/index.html	3	copyright=1;jsonld_name=2	
faq/shiroari-yuka-tenken/index.html	3	copyright=1;jsonld_name=2	
faq/shokeihi-tekisei-hiritsu/index.html	3	copyright=1;jsonld_name=2	
faq/souba-yori-takai/index.html	3	copyright=1;jsonld_name=2	
faq/tenken-shoho-kimari-monku/index.html	3	copyright=1;jsonld_name=2	
faq/tenuki-koji-miwake/index.html	3	copyright=1;jsonld_name=2	
faq/tsubo-tanka-damasare-nai/index.html	3	copyright=1;jsonld_name=2	
faq/tsuika-henkou-heraseru-junbi/index.html	3	copyright=1;jsonld_name=2	
faq/yane-muryo-tenken/index.html	3	copyright=1;jsonld_name=2	
faq/yojo-haizai-shobun-datou/index.html	3	copyright=1;jsonld_name=2	
faq/yosei-nebiki-uchiwake/index.html	3	copyright=1;jsonld_name=2	
faq/zairyo-shikyu-yasuku-naru/index.html	3	copyright=1;jsonld_name=2	
faq/zumen-shiyousho-nashi-keiyaku/index.html	3	copyright=1;jsonld_name=2	
faq_en.html	2	footer_neutrality=1;jsonld_alternateName=1	
guide/index.html	3	footer_neutrality=1;jsonld_name=1;other_text=1	
guide/mitsumori-tekisei-check/index.html	1	footer_neutrality=1	
guide/reform-hajimekata/index.html	1	footer_neutrality=1	
guide/reform-junbi/index.html	1	footer_neutrality=1	
hacker/admin/index.html	1	footer_neutrality=1	
hacker/biz/index.html	1	footer_neutrality=1	
hacker/demand/index.html	2	copyright=1;footer_neutrality=1	
hacker/index.html	3	copyright=1;footer_neutrality=1;jsonld_name=1	
hacker/me/index.html	1	footer_neutrality=1	
hacker/submit/index.html	2	copyright=1;footer_neutrality=1	
hacker/terms/index.html	3	copyright=1;footer_neutrality=1;jsonld_name=1	
hs-reverse-estimate/contract-report.html	3	footer_neutrality=1;jsonld_name=1;other_text=1	
hs-reverse-estimate/index.html	3	footer_neutrality=1;jsonld_name=1;other_text=1	
index_en.html	2	footer_neutrality=1;jsonld_name=1	
inspect.html	3	copyright=1;footer_neutrality=1;jsonld_name=1	
jireishuu.html	3	copyright=1;footer_neutrality=1;jsonld_name=1	
jireishuu_en.html	1	footer_neutrality=1	
kira_v4.html	1	footer_neutrality=1	
kyutoki-guide.html	4	copyright=1;footer_company_line=1;footer_neutrality=1;jsonld_name=1	
llmo/aimitsumori-toha/index.html	3	copyright=1;jsonld_name=2	
llmo/bugakari-toha/index.html	3	copyright=1;jsonld_name=2	
llmo/cgpi-kakei-toha/index.html	3	copyright=1;jsonld_name=2	
llmo/chiiki-kakei-toha/index.html	3	copyright=1;jsonld_name=2	
llmo/cover-koho-toha/index.html	3	copyright=1;jsonld_name=2	
llmo/ehn-toha/index.html	3	copyright=1;jsonld_name=2	
llmo/gyaku-mitsumori-toha/index.html	3	copyright=1;jsonld_name=2	
llmo/horizon-shield-toha/index.html	8	copyright=1;jsonld_name=2;jsonld_other=2;other_text=3	
llmo/index.html	1	copyright=1	
llmo/integrity-audit-toha/index.html	3	copyright=1;jsonld_name=2	
llmo/isshiki-keijo-toha/index.html	3	copyright=1;jsonld_name=2	
llmo/jccdb-toha/index.html	4	copyright=1;jsonld_name=3	
llmo/kashi-hoken-toha/index.html	3	copyright=1;jsonld_name=2	
llmo/kensetsugyo-kyoka-toha/index.html	3	copyright=1;jsonld_name=2	
llmo/kira-toha/index.html	3	copyright=1;jsonld_name=2	
llmo/ptka-toha/index.html	3	copyright=1;jsonld_name=2	
llmo/reform-yogo-glossary/index.html	3	copyright=1;jsonld_name=2	
llmo/shokeihi-toha/index.html	3	copyright=1;jsonld_name=2	
llmo/souba-db-toha/index.html	3	copyright=1;jsonld_name=2	
llmo/tekisei-kakaku-toha/index.html	3	copyright=1;jsonld_name=2	
llmo/vrq-toha/index.html	3	copyright=1;jsonld_name=2	
llms.txt	4	other_text=4	HAS_SIGNED_OR_CLAIM
lp/index.html	2	footer_neutrality=1;other_text=1	
map.html	1	footer_neutrality=1	
movement-us/index.html	2	footer_neutrality=1;jsonld_name=1	
movement/index.html	2	footer_neutrality=1;jsonld_name=1	
negotiate.html	2	footer_neutrality=1;jsonld_name=1	
opening.html	1	footer_neutrality=1	
partner/index.html	2	other_text=2	
pitch.html	1	footer_neutrality=1	
presentation.html	3	copyright=1;footer_neutrality=1;other_text=1	
proposal-en/index.html	2	footer_neutrality=1;jsonld_name=1	
qa/aircon-maker-tanka.html	2	footer_neutrality=1;jsonld_name=1	
qa/ashiba-koji-tanka.html	2	footer_neutrality=1;jsonld_name=1	
qa/beauty-salon-naisou-cost.html	2	footer_neutrality=1;jsonld_name=1	
qa/bisu-kane-tanka.html	2	footer_neutrality=1;jsonld_name=1	
qa/bousui-koji-tanka.html	2	footer_neutrality=1;jsonld_name=1	
qa/chiiki-roumu-tanka.html	2	footer_neutrality=1;jsonld_name=1	
qa/clinic-naisou-cost.html	2	footer_neutrality=1;jsonld_name=1	
qa/dance-studio-bouon-cost.html	2	footer_neutrality=1;jsonld_name=1	
qa/dantsuai-tanka.html	2	footer_neutrality=1;jsonld_name=1	
qa/dendenkan-rack-tanka.html	2	footer_neutrality=1;jsonld_name=1	
qa/denki-haisen-tanka.html	2	footer_neutrality=1;jsonld_name=1	
qa/dental-clinic-cost.html	2	footer_neutrality=1;jsonld_name=1	
qa/duct-kanki-cost.html	2	footer_neutrality=1;jsonld_name=1	
qa/esthe-salon-cost.html	2	footer_neutrality=1;jsonld_name=1	
qa/gas-koji-cost.html	2	footer_neutrality=1;jsonld_name=1	
qa/genjou-kaifuku-cost.html	2	footer_neutrality=1;jsonld_name=1	
qa/gurisu-trap-cost.html	2	footer_neutrality=1;jsonld_name=1	
qa/gym-floor-cost.html	2	footer_neutrality=1;jsonld_name=1	
qa/haikan-tsugite-tanka.html	2	footer_neutrality=1;jsonld_name=1	
qa/hinusu-kouto-2026.html	2	footer_neutrality=1;jsonld_name=1	
qa/hoikuen-naisou-cost.html	2	footer_neutrality=1;jsonld_name=1	
qa/hoshizaki-kitchen-cost.html	2	footer_neutrality=1;jsonld_name=1	
qa/index.html	3	copyright=1;footer_neutrality=1;jsonld_name=1	
qa/inutki-kaiso-cost.html	2	footer_neutrality=1;jsonld_name=1	
qa/kaigo-kaishuu-cost.html	2	footer_neutrality=1;jsonld_name=1	
qa/kaitai-koji-tanka.html	2	footer_neutrality=1;jsonld_name=1	
qa/kajou-seikyuu-tekisei.html	2	footer_neutrality=1;jsonld_name=1	
qa/karaoke-bouon-cost.html	2	footer_neutrality=1;jsonld_name=1	
qa/kisetsu-hendo-tanka.html	2	footer_neutrality=1;jsonld_name=1	
qa/kitchen-stainless-cost.html	2	footer_neutrality=1;jsonld_name=1	
qa/kozo-goban-tanka.html	2	footer_neutrality=1;jsonld_name=1	
qa/kucho-kanki-tanka.html	2	footer_neutrality=1;jsonld_name=1	
qa/kyuhaisui-haikan-tanka.html	2	footer_neutrality=1;jsonld_name=1	
qa/kyuutouki-cost.html	2	footer_neutrality=1;jsonld_name=1	
qa/kyuutouki-maker-tanka.html	2	footer_neutrality=1;jsonld_name=1	
qa/lixil-hinban-tanka.html	2	footer_neutrality=1;jsonld_name=1	
qa/mirror-koji-cost.html	2	footer_neutrality=1;jsonld_name=1	
qa/mokuzai-tanka-2026.html	2	footer_neutrality=1;jsonld_name=1	
qa/music-studio-bouon-cost.html	2	footer_neutrality=1;jsonld_name=1	
qa/oa-floor-cost.html	2	footer_neutrality=1;jsonld_name=1	
qa/panasonic-hinban-tanka.html	2	footer_neutrality=1;jsonld_name=1	
qa/partition-cost.html	2	footer_neutrality=1;jsonld_name=1	
qa/reform-tanka-list.html	2	footer_neutrality=1;jsonld_name=1	
qa/roumu-tanka-2026.html	2	footer_neutrality=1;jsonld_name=1	
qa/sakan-mortar-tanka.html	2	footer_neutrality=1;jsonld_name=1	
qa/shampoo-dai-cost.html	2	footer_neutrality=1;jsonld_name=1	
qa/shiroari-cost.html	2	footer_neutrality=1;jsonld_name=1	
qa/shokeihiritsu-standard.html	2	footer_neutrality=1;jsonld_name=1	
qa/spring-floor-cost.html	2	footer_neutrality=1;jsonld_name=1	
qa/tenpo-koji-tanka.html	2	footer_neutrality=1;jsonld_name=1	
qa/toryou-maker-tanka.html	2	footer_neutrality=1;jsonld_name=1	
qa/tosou-tanka-detail.html	2	footer_neutrality=1;jsonld_name=1	
qa/toto-hinban-tanka.html	2	footer_neutrality=1;jsonld_name=1	
qa/tsubo-tanka-2026.html	2	footer_neutrality=1;jsonld_name=1	
qa/vvf-cable-tanka.html	2	footer_neutrality=1;jsonld_name=1	
qa/yane-repair-cost.html	2	footer_neutrality=1;jsonld_name=1	
qa/yukashita-kanki-cost.html	2	footer_neutrality=1;jsonld_name=1	
quotes/index.html	1	footer_neutrality=1	
shindan.html	3	footer_neutrality=1;jsonld_name=1;other_text=1	
souba-konkyo.html	2	footer_neutrality=1;jsonld_name=1	
souba.html	4	footer_neutrality=1;jsonld_name=2;other_text=1	
souba/aimitsumori-tekisei-kakaku/index.html	2	footer_company_line=1;jsonld_name=1	
souba/aimitsumori/index.html	2	copyright=1;jsonld_alternateName=1	
souba/aircon-check/index.html	3	copyright=1;jsonld_name=1;other_text=1	
souba/aircon-kosho/index.html	1	jsonld_alternateName=1	
souba/aircon-toritsuke-souba/index.html	3	copyright=1;jsonld_name=2	
souba/aircon/index.html	2	copyright=1;jsonld_alternateName=1	
souba/amamori-check/index.html	3	copyright=1;jsonld_name=1;other_text=1	
souba/amamori/index.html	2	copyright=1;jsonld_alternateName=1	
souba/amido-amado/index.html	2	copyright=1;jsonld_alternateName=1	
souba/ashiba-handan/index.html	2	copyright=1;jsonld_alternateName=1	
souba/ashiba-ryoukin-takai/index.html	2	footer_company_line=1;jsonld_alternateName=1	
souba/ashiyu-unit/index.html	1	source_line=1	
souba/bankin/index.html	2	copyright=1;jsonld_alternateName=1	
souba/barrier-free-reform/index.html	2	footer_company_line=1;jsonld_alternateName=1	
souba/barrier-free/index.html	2	copyright=1;jsonld_alternateName=1	
souba/bath-100man/index.html	1	jsonld_alternateName=1	
souba/bath-aichi/index.html	2	footer_neutrality=1;source_line=1	
souba/bath-akita/index.html	2	footer_neutrality=1;source_line=1	
souba/bath-aomori/index.html	2	footer_neutrality=1;source_line=1	
souba/bath-check/index.html	3	copyright=1;jsonld_name=1;other_text=1	
souba/bath-chiba/index.html	2	footer_neutrality=1;source_line=1	
souba/bath-ehime/index.html	2	footer_neutrality=1;source_line=1	
souba/bath-fukui/index.html	2	footer_neutrality=1;source_line=1	
souba/bath-fukuoka/index.html	2	footer_neutrality=1;source_line=1	
souba/bath-fukushima/index.html	2	footer_neutrality=1;source_line=1	
souba/bath-gifu/index.html	2	footer_neutrality=1;source_line=1	
souba/bath-gunma/index.html	2	footer_neutrality=1;source_line=1	
souba/bath-hiroshima/index.html	2	footer_neutrality=1;source_line=1	
souba/bath-hokkaido/index.html	2	footer_neutrality=1;source_line=1	
souba/bath-hyogo/index.html	2	footer_neutrality=1;source_line=1	
souba/bath-ibaraki/index.html	2	footer_neutrality=1;source_line=1	
souba/bath-ishikawa/index.html	2	footer_neutrality=1;source_line=1	
souba/bath-iwate/index.html	2	footer_neutrality=1;source_line=1	
souba/bath-kagawa/index.html	2	footer_neutrality=1;source_line=1	
souba/bath-kagoshima/index.html	2	footer_neutrality=1;source_line=1	
souba/bath-kanagawa/index.html	2	footer_neutrality=1;source_line=1	
souba/bath-kochi/index.html	2	footer_neutrality=1;source_line=1	
souba/bath-kumamoto/index.html	2	footer_neutrality=1;source_line=1	
souba/bath-kyoto/index.html	2	footer_neutrality=1;source_line=1	
souba/bath-mie/index.html	2	footer_neutrality=1;source_line=1	
souba/bath-miyagi/index.html	2	footer_neutrality=1;source_line=1	
souba/bath-miyazaki/index.html	2	footer_neutrality=1;source_line=1	
souba/bath-nagano/index.html	2	footer_neutrality=1;source_line=1	
souba/bath-nagasaki/index.html	2	footer_neutrality=1;source_line=1	
souba/bath-nara/index.html	2	footer_neutrality=1;source_line=1	
souba/bath-niigata/index.html	2	footer_neutrality=1;source_line=1	
souba/bath-oita/index.html	2	footer_neutrality=1;source_line=1	
souba/bath-okayama/index.html	2	footer_neutrality=1;source_line=1	
souba/bath-okinawa/index.html	2	footer_neutrality=1;source_line=1	
souba/bath-osaka/index.html	2	footer_neutrality=1;source_line=1	
souba/bath-reform-100man/index.html	2	footer_company_line=1;jsonld_alternateName=1	
souba/bath-saga/index.html	2	footer_neutrality=1;source_line=1	
souba/bath-saitama/index.html	2	footer_neutrality=1;source_line=1	
souba/bath-shiga/index.html	2	footer_neutrality=1;source_line=1	
souba/bath-shimane/index.html	2	footer_neutrality=1;source_line=1	
souba/bath-shizuoka/index.html	2	footer_neutrality=1;source_line=1	
souba/bath-tochigi/index.html	2	footer_neutrality=1;source_line=1	
souba/bath-tokushima/index.html	2	footer_neutrality=1;source_line=1	
souba/bath-tokyo/index.html	2	footer_neutrality=1;source_line=1	
souba/bath-tottori/index.html	2	footer_neutrality=1;source_line=1	
souba/bath-toyama/index.html	2	footer_neutrality=1;source_line=1	
souba/bath-wakayama/index.html	2	footer_neutrality=1;source_line=1	
souba/bath-yamagata/index.html	2	footer_neutrality=1;source_line=1	
souba/bath-yamaguchi/index.html	2	footer_neutrality=1;source_line=1	
souba/bath-yamanashi/index.html	2	footer_neutrality=1;source_line=1	
souba/bath/index.html	4	copyright=1;jsonld_alternateName=1;jsonld_name=1;other_text=1	
souba/benjo-tsumari/index.html	1	jsonld_alternateName=1	
souba/biyoshitsu-naiso-souba/index.html	3	copyright=1;jsonld_name=2	
souba/bousui-check/index.html	3	copyright=1;jsonld_name=1;other_text=1	
souba/bundenban-koukan-souba/index.html	3	copyright=1;jsonld_name=2	
souba/cafe-naiso-tsubo-souba/index.html	3	copyright=1;jsonld_name=2	
souba/chikashitsu-kyotsu-hitsuyou/index.html	2	footer_company_line=1;jsonld_alternateName=1	
souba/clinic-naiso-souba/index.html	3	copyright=1;jsonld_name=2	
souba/cloth-check/index.html	3	copyright=1;jsonld_name=1;other_text=1	
souba/cloth-harikae-souba/index.html	3	copyright=1;jsonld_name=2	
souba/cloth/index.html	1	jsonld_alternateName=1	
souba/cooling-off-gaiheki/index.html	3	copyright=1;jsonld_name=1;other_text=1	
souba/dantsu/index.html	1	jsonld_alternateName=1	
souba/denki-check/index.html	3	copyright=1;jsonld_name=1;other_text=1	
souba/ecocute-370l-souba/index.html	3	copyright=1;jsonld_name=2	
souba/ecocute-houmonhanbai/index.html	2	footer_company_line=1;jsonld_alternateName=1	
souba/ecojaws-koukan-hiyou/index.html	3	copyright=1;jsonld_name=2	
souba/floor-check/index.html	3	copyright=1;jsonld_name=1;other_text=1	
souba/flooring-harikae-souba/index.html	3	copyright=1;jsonld_name=2	
souba/flooring/index.html	1	jsonld_alternateName=1	
souba/fuyujimai/index.html	1	jsonld_alternateName=1	
souba/gaiheki-100man/index.html	2	copyright=1;jsonld_alternateName=1	
souba/gaiheki-150man-takai/index.html	2	footer_company_line=1;jsonld_alternateName=1	
souba/gaiheki-150man/index.html	1	jsonld_alternateName=1	
souba/gaiheki-200man/index.html	1	jsonld_alternateName=1	
souba/gaiheki-50man/index.html	1	jsonld_alternateName=1	
souba/gaiheki-80man/index.html	1	jsonld_alternateName=1	
souba/gaiheki-aichi/index.html	4	copyright=1;footer_neutrality=1;jsonld_name=1;other_text=1	HAS_SIGNED_OR_CLAIM
souba/gaiheki-akita/index.html	2	footer_neutrality=1;source_line=1	
souba/gaiheki-aomori/index.html	2	footer_neutrality=1;source_line=1	
souba/gaiheki-check/index.html	3	copyright=1;jsonld_name=1;other_text=1	
souba/gaiheki-chiba/index.html	4	copyright=1;footer_neutrality=1;jsonld_name=1;other_text=1	HAS_SIGNED_OR_CLAIM
souba/gaiheki-ehime/index.html	2	footer_neutrality=1;source_line=1	
souba/gaiheki-fukui/index.html	2	footer_neutrality=1;source_line=1	
souba/gaiheki-fukuoka/index.html	4	copyright=1;footer_neutrality=1;jsonld_name=1;other_text=1	HAS_SIGNED_OR_CLAIM
souba/gaiheki-fukushima/index.html	2	footer_neutrality=1;source_line=1	
souba/gaiheki-gifu/index.html	2	footer_neutrality=1;source_line=1	
souba/gaiheki-gunma/index.html	2	footer_neutrality=1;source_line=1	
souba/gaiheki-hiroshima/index.html	2	footer_neutrality=1;source_line=1	
souba/gaiheki-hokkaido/index.html	4	copyright=1;footer_neutrality=1;jsonld_name=1;other_text=1	HAS_SIGNED_OR_CLAIM
souba/gaiheki-hyogo/index.html	4	copyright=1;footer_neutrality=1;jsonld_name=1;other_text=1	HAS_SIGNED_OR_CLAIM
souba/gaiheki-ibaraki/index.html	2	footer_neutrality=1;source_line=1	
souba/gaiheki-ishikawa/index.html	2	footer_neutrality=1;source_line=1	
souba/gaiheki-iwate/index.html	2	footer_neutrality=1;source_line=1	
souba/gaiheki-kagawa/index.html	2	footer_neutrality=1;source_line=1	
souba/gaiheki-kagoshima/index.html	2	footer_neutrality=1;source_line=1	
souba/gaiheki-kajou-seikyu/index.html	3	jsonld_name=2;source_line=1	
souba/gaiheki-kanagawa/index.html	4	copyright=1;footer_neutrality=1;jsonld_name=1;other_text=1	HAS_SIGNED_OR_CLAIM
souba/gaiheki-keiyaku/index.html	2	copyright=1;jsonld_alternateName=1	
souba/gaiheki-kochi/index.html	2	footer_neutrality=1;source_line=1	
souba/gaiheki-kumamoto/index.html	2	footer_neutrality=1;source_line=1	
souba/gaiheki-kyoto/index.html	2	footer_neutrality=1;source_line=1	
souba/gaiheki-mie/index.html	2	footer_neutrality=1;source_line=1	
souba/gaiheki-miyagi/index.html	2	footer_neutrality=1;source_line=1	
souba/gaiheki-miyazaki/index.html	2	footer_neutrality=1;source_line=1	
souba/gaiheki-nagano/index.html	2	footer_neutrality=1;source_line=1	
souba/gaiheki-nagasaki/index.html	2	footer_neutrality=1;source_line=1	
souba/gaiheki-nara/index.html	2	footer_neutrality=1;source_line=1	
souba/gaiheki-niigata/index.html	2	footer_neutrality=1;source_line=1	
souba/gaiheki-nuri-kai-hitsuyou/index.html	4	copyright=1;footer_neutrality=1;jsonld_name=1;other_text=1	
souba/gaiheki-nuru-jiki/index.html	3	copyright=1;jsonld_name=1;other_text=1	
souba/gaiheki-oita/index.html	2	footer_neutrality=1;source_line=1	
souba/gaiheki-okayama/index.html	2	footer_neutrality=1;source_line=1	
souba/gaiheki-okinawa/index.html	2	footer_neutrality=1;source_line=1	
souba/gaiheki-osaka/index.html	4	copyright=1;footer_neutrality=1;jsonld_name=1;other_text=1	HAS_SIGNED_OR_CLAIM
souba/gaiheki-saga/index.html	2	footer_neutrality=1;source_line=1	
souba/gaiheki-saitama/index.html	4	copyright=1;footer_neutrality=1;jsonld_name=1;other_text=1	HAS_SIGNED_OR_CLAIM
souba/gaiheki-shiga/index.html	2	footer_neutrality=1;source_line=1	
souba/gaiheki-shimane/index.html	2	footer_neutrality=1;source_line=1	
souba/gaiheki-shizuoka/index.html	2	footer_neutrality=1;source_line=1	
souba/gaiheki-tochigi/index.html	2	footer_neutrality=1;source_line=1	
souba/gaiheki-tokushima/index.html	2	footer_neutrality=1;source_line=1	
souba/gaiheki-tokyo/index.html	4	copyright=1;footer_neutrality=1;jsonld_name=1;other_text=1	HAS_SIGNED_OR_CLAIM
souba/gaiheki-tosou-fusso-hiyou/index.html	3	copyright=1;jsonld_name=2	
souba/gaiheki-tosou-muki-souba/index.html	3	copyright=1;jsonld_name=2	
souba/gaiheki-tosou-silicon-souba/index.html	3	copyright=1;jsonld_name=2	
souba/gaiheki-tottori/index.html	2	footer_neutrality=1;source_line=1	
souba/gaiheki-toyama/index.html	2	footer_neutrality=1;source_line=1	
souba/gaiheki-wakayama/index.html	2	footer_neutrality=1;source_line=1	
souba/gaiheki-yamagata/index.html	2	footer_neutrality=1;source_line=1	
souba/gaiheki-yamaguchi/index.html	2	footer_neutrality=1;source_line=1	
souba/gaiheki-yamanashi/index.html	2	footer_neutrality=1;source_line=1	
souba/gaiheki-yane-set-tosou-souba/index.html	3	copyright=1;jsonld_name=2	
souba/gaiheki-yane-tosou-tebiki/index.html	3	footer_company_line=1;jsonld_name=1;other_text=1	
souba/gaiheki/index.html	4	copyright=1;jsonld_alternateName=1;jsonld_name=1;other_text=1	
souba/gaiko/index.html	1	jsonld_alternateName=1	
souba/gaikou-check/index.html	3	copyright=1;jsonld_name=1;other_text=1	
souba/gaikou-full-souba/index.html	3	copyright=1;jsonld_name=2	
souba/genjo-kaifuku-kijun/index.html	2	footer_company_line=1;jsonld_alternateName=1	
souba/genkan-check/index.html	3	copyright=1;jsonld_name=1;other_text=1	
souba/genkan-door-cover-souba/index.html	3	copyright=1;jsonld_name=2	
souba/genkan-door-koudan-hiyou/index.html	3	copyright=1;jsonld_name=2	
souba/genkan/index.html	2	copyright=1;jsonld_alternateName=1	
souba/gyosha-erabi/index.html	2	copyright=1;jsonld_alternateName=1	
souba/gyosha-kyoaku/index.html	2	copyright=1;jsonld_alternateName=1	
souba/gyosha-kyukaseru/index.html	1	jsonld_alternateName=1	
souba/haikan/index.html	2	copyright=1;jsonld_alternateName=1	
souba/hakidashi-uchimado-hiyou/index.html	3	copyright=1;jsonld_name=2	
souba/hoken-saiken/index.html	1	jsonld_alternateName=1	
souba/houjin-reform-mitsumori/index.html	2	footer_company_line=1;jsonld_alternateName=1	
souba/ikura/index.html	3	copyright=1;jsonld_name=1;other_text=1	
souba/index.html	3	copyright=1;footer_neutrality=1;jsonld_name=1	
souba/island-kitchen-hiyou/index.html	3	copyright=1;jsonld_name=2	
souba/jirei/card-1780663060159/index.html	3	copyright=1;footer_neutrality=1;jsonld_name=1	RECEIPT_PATH
souba/jirei/card-1780969841775/index.html	3	copyright=1;footer_neutrality=1;jsonld_name=1	RECEIPT_PATH
souba/jirei/card-1780970026604/index.html	3	copyright=1;footer_neutrality=1;jsonld_name=1	RECEIPT_PATH
souba/jirei/card-1780970382709/index.html	3	copyright=1;footer_neutrality=1;jsonld_name=1	RECEIPT_PATH
souba/jirei/card-1780972098413/index.html	3	copyright=1;footer_neutrality=1;jsonld_name=1	RECEIPT_PATH
souba/jirei/card-1780973514985/index.html	3	copyright=1;footer_neutrality=1;jsonld_name=1	RECEIPT_PATH
souba/jirei/card-1780973686308/index.html	3	copyright=1;footer_neutrality=1;jsonld_name=1	RECEIPT_PATH
souba/jirei/card-1780975729996/index.html	3	copyright=1;footer_neutrality=1;jsonld_name=1	RECEIPT_PATH
souba/jirei/card-1781104518318/index.html	3	copyright=1;footer_neutrality=1;jsonld_name=1	RECEIPT_PATH
souba/jirei/card-1781602070785/index.html	3	copyright=1;footer_neutrality=1;jsonld_name=1	RECEIPT_PATH
souba/jirei/card-1781602137002/index.html	3	copyright=1;footer_neutrality=1;jsonld_name=1	RECEIPT_PATH
souba/jirei/card-1781615619155/index.html	3	copyright=1;footer_neutrality=1;jsonld_name=1	RECEIPT_PATH
souba/jirei/card-1781615659191/index.html	3	copyright=1;footer_neutrality=1;jsonld_name=1	RECEIPT_PATH
souba/jirei/card-1781615707400/index.html	3	copyright=1;footer_neutrality=1;jsonld_name=1	RECEIPT_PATH
souba/jirei/card-1781615735578/index.html	3	copyright=1;footer_neutrality=1;jsonld_name=1	RECEIPT_PATH
souba/jirei/card-1781616092585/index.html	3	copyright=1;footer_neutrality=1;jsonld_name=1	RECEIPT_PATH
souba/jirei/card-1781622703161/index.html	3	copyright=1;footer_neutrality=1;jsonld_name=1	RECEIPT_PATH
souba/jirei/card-1781622713913/index.html	3	copyright=1;footer_neutrality=1;jsonld_name=1	RECEIPT_PATH
souba/jirei/card-1781622964559/index.html	3	copyright=1;footer_neutrality=1;jsonld_name=1	RECEIPT_PATH
souba/jirei/card-1781622980866/index.html	3	copyright=1;footer_neutrality=1;jsonld_name=1	RECEIPT_PATH
souba/jirei/card-1781653795885/index.html	3	copyright=1;footer_neutrality=1;jsonld_name=1	RECEIPT_PATH
souba/jirei/card-1781968245720/index.html	3	copyright=1;footer_neutrality=1;jsonld_name=1	RECEIPT_PATH
souba/jirei/card-1782107951707/index.html	3	copyright=1;footer_neutrality=1;jsonld_name=1	RECEIPT_PATH
souba/jirei/card-1782184250119/index.html	3	copyright=1;footer_neutrality=1;jsonld_name=1	RECEIPT_PATH
souba/jirei/index.html	2	copyright=1;footer_neutrality=1	RECEIPT_PATH
souba/jishin-ato/index.html	1	jsonld_alternateName=1	
souba/kabe-hibi/index.html	1	jsonld_alternateName=1	
souba/kaden-hoken-zero-en-sagida/index.html	2	footer_company_line=1;jsonld_alternateName=1	
souba/kaisou-ikko-takai/index.html	2	footer_company_line=1;jsonld_alternateName=1	
souba/kaitai-check/index.html	3	copyright=1;jsonld_name=1;other_text=1	
souba/kaitai-tsuika/index.html	2	copyright=1;jsonld_alternateName=1	
souba/kaitai/index.html	1	jsonld_alternateName=1	
souba/kajou-seikyu-jirei-20/index.html	3	jsonld_name=2;source_line=1	
souba/kajou-seikyu-jirei-20/v/A3nL8vT1mP6w/index.html	2	jsonld_name=1;other_text=1	HAS_SIGNED_OR_CLAIM RECEIPT_PATH
souba/kajou-seikyu-jirei-20/v/B9qY5eH2cN7j/index.html	2	jsonld_name=1;other_text=1	HAS_SIGNED_OR_CLAIM RECEIPT_PATH
souba/kajou-seikyu-jirei-20/v/D4fW0kR6sE1u/index.html	2	jsonld_name=1;other_text=1	HAS_SIGNED_OR_CLAIM RECEIPT_PATH
souba/kajou-seikyu-jirei-20/v/F2vZ7mT3bJ9p/index.html	2	jsonld_name=1;other_text=1	HAS_SIGNED_OR_CLAIM RECEIPT_PATH
souba/kajou-seikyu-jirei-20/v/G6xC1nP8qL4t/index.html	2	jsonld_name=1;other_text=1	HAS_SIGNED_OR_CLAIM RECEIPT_PATH
souba/kajou-seikyu-jirei-20/v/H1yD5sM9wK2r/index.html	2	jsonld_name=1;other_text=1	HAS_SIGNED_OR_CLAIM RECEIPT_PATH
souba/kajou-seikyu-jirei-20/v/I8eF3kV0nQ7m/index.html	2	jsonld_name=1;other_text=1	HAS_SIGNED_OR_CLAIM RECEIPT_PATH
souba/kajou-seikyu-jirei-20/v/J5tG2hB7pW0c/index.html	2	jsonld_name=1;other_text=1	HAS_SIGNED_OR_CLAIM RECEIPT_PATH
souba/kajou-seikyu-jirei-20/v/K7mX2pQ9nR4s/index.html	2	jsonld_name=1;other_text=1	HAS_SIGNED_OR_CLAIM RECEIPT_PATH
souba/kajou-seikyu-jirei-20/v/L0mU4aX9yN3f/index.html	2	jsonld_name=1;other_text=1	HAS_SIGNED_OR_CLAIM RECEIPT_PATH
souba/kajou-seikyu-jirei-20/v/M2pR8qL5tN3v/index.html	2	jsonld_name=1;other_text=1	HAS_SIGNED_OR_CLAIM RECEIPT_PATH
souba/kajou-seikyu-jirei-20/v/N5sT1mY8xK4w/index.html	2	jsonld_name=1;other_text=1	HAS_SIGNED_OR_CLAIM RECEIPT_PATH
souba/kajou-seikyu-jirei-20/v/P7vF3nC6bH2j/index.html	2	jsonld_name=1;other_text=1	HAS_SIGNED_OR_CLAIM RECEIPT_PATH
souba/kajou-seikyu-jirei-20/v/Q1bN9eR4mT7s/index.html	2	jsonld_name=1;other_text=1	HAS_SIGNED_OR_CLAIM RECEIPT_PATH
souba/kajou-seikyu-jirei-20/v/R4kP6yA2sV9z/index.html	2	jsonld_name=1;other_text=1	HAS_SIGNED_OR_CLAIM RECEIPT_PATH
souba/kajou-seikyu-jirei-20/v/S8tH3wL1qB6x/index.html	2	jsonld_name=1;other_text=1	HAS_SIGNED_OR_CLAIM RECEIPT_PATH
souba/kajou-seikyu-jirei-20/v/T2gX7uK5pD4f/index.html	2	jsonld_name=1;other_text=1	HAS_SIGNED_OR_CLAIM RECEIPT_PATH
souba/kajou-seikyu-jirei-20/v/U6jL9aF3rN8y/index.html	2	jsonld_name=1;other_text=1	HAS_SIGNED_OR_CLAIM RECEIPT_PATH
souba/kajou-seikyu-jirei-20/v/V9eM2cQ7zG5h/index.html	2	jsonld_name=1;other_text=1	HAS_SIGNED_OR_CLAIM RECEIPT_PATH
souba/kajou-seikyu-jirei-20/v/W3iZ5oP8uS2t/index.html	2	jsonld_name=1;other_text=1	HAS_SIGNED_OR_CLAIM RECEIPT_PATH
souba/kanban-secchi-koji-hiyou/index.html	2	copyright=1;jsonld_alternateName=1	
souba/kanteisho-tsuite/index.html	2	footer_company_line=1;jsonld_alternateName=1	
souba/kasai-hoken/index.html	2	copyright=1;jsonld_alternateName=1	
souba/kenchiku-kyoka-bangou-shiraberu/index.html	2	footer_company_line=1;jsonld_alternateName=1	
souba/kensetsu-gyosha-shinrai-handan/index.html	2	footer_company_line=1;jsonld_alternateName=1	
souba/kitchen-100man-takai/index.html	2	footer_company_line=1;jsonld_alternateName=1	
souba/kitchen-150man/index.html	1	jsonld_alternateName=1	
souba/kitchen-check/index.html	3	copyright=1;jsonld_name=1;other_text=1	
souba/kitchen-idou-hiyou/index.html	3	copyright=1;jsonld_name=2	
souba/kitchen-middle-souba/index.html	3	copyright=1;jsonld_name=2	
souba/kitchen/index.html	2	copyright=1;jsonld_alternateName=1	
souba/kodate-full-reno-100sqm/index.html	2	copyright=1;jsonld_alternateName=1	
souba/kodate-full-reno-120sqm/index.html	2	copyright=1;jsonld_alternateName=1	
souba/kodate-full-reno-60sqm/index.html	2	copyright=1;jsonld_alternateName=1	
souba/kodate-full-reno-menseki-matome/index.html	3	copyright=1;jsonld_name=2	
souba/kouji-chuu-trouble/index.html	2	copyright=1;jsonld_alternateName=1	
souba/kyoyaku-konjitsu-kowai/index.html	4	copyright=1;footer_neutrality=1;jsonld_name=1;other_text=1	
souba/kyuhaisuikan-check/index.html	3	copyright=1;jsonld_name=1;other_text=1	
souba/kyuhaisuikan-koukan-souba/index.html	3	copyright=1;jsonld_name=2	
souba/kyutoki-24go-souba/index.html	3	copyright=1;jsonld_name=2	
souba/kyutoki-aichi/index.html	2	footer_neutrality=1;source_line=1	
souba/kyutoki-akita/index.html	2	footer_neutrality=1;source_line=1	
souba/kyutoki-aomori/index.html	2	footer_neutrality=1;source_line=1	
souba/kyutoki-chiba/index.html	2	footer_neutrality=1;source_line=1	
souba/kyutoki-ehime/index.html	2	footer_neutrality=1;source_line=1	
souba/kyutoki-fukui/index.html	2	footer_neutrality=1;source_line=1	
souba/kyutoki-fukuoka/index.html	2	footer_neutrality=1;source_line=1	
souba/kyutoki-fukushima/index.html	2	footer_neutrality=1;source_line=1	
souba/kyutoki-gifu/index.html	2	footer_neutrality=1;source_line=1	
souba/kyutoki-gunma/index.html	2	footer_neutrality=1;source_line=1	
souba/kyutoki-hiroshima/index.html	2	footer_neutrality=1;source_line=1	
souba/kyutoki-hokkaido/index.html	2	footer_neutrality=1;source_line=1	
souba/kyutoki-hyogo/index.html	2	footer_neutrality=1;source_line=1	
souba/kyutoki-ibaraki/index.html	2	footer_neutrality=1;source_line=1	
souba/kyutoki-ishikawa/index.html	2	footer_neutrality=1;source_line=1	
souba/kyutoki-iwate/index.html	2	footer_neutrality=1;source_line=1	
souba/kyutoki-kagawa/index.html	2	footer_neutrality=1;source_line=1	
souba/kyutoki-kagoshima/index.html	2	footer_neutrality=1;source_line=1	
souba/kyutoki-kanagawa/index.html	2	footer_neutrality=1;source_line=1	
souba/kyutoki-kochi/index.html	2	footer_neutrality=1;source_line=1	
souba/kyutoki-kosho/index.html	1	jsonld_alternateName=1	
souba/kyutoki-koukanji-jikan/index.html	2	footer_company_line=1;jsonld_alternateName=1	
souba/kyutoki-kumamoto/index.html	2	footer_neutrality=1;source_line=1	
souba/kyutoki-kyoto/index.html	2	footer_neutrality=1;source_line=1	
souba/kyutoki-mie/index.html	2	footer_neutrality=1;source_line=1	
souba/kyutoki-miyagi/index.html	2	footer_neutrality=1;source_line=1	
souba/kyutoki-miyazaki/index.html	2	footer_neutrality=1;source_line=1	
souba/kyutoki-nagano/index.html	2	footer_neutrality=1;source_line=1	
souba/kyutoki-nagasaki/index.html	2	footer_neutrality=1;source_line=1	
souba/kyutoki-nara/index.html	2	footer_neutrality=1;source_line=1	
souba/kyutoki-niigata/index.html	2	footer_neutrality=1;source_line=1	
souba/kyutoki-noritz/index.html	1	jsonld_name=1	
souba/kyutoki-oita/index.html	2	footer_neutrality=1;source_line=1	
souba/kyutoki-okayama/index.html	2	footer_neutrality=1;source_line=1	
souba/kyutoki-okinawa/index.html	2	footer_neutrality=1;source_line=1	
souba/kyutoki-osaka/index.html	2	footer_neutrality=1;source_line=1	
souba/kyutoki-saga/index.html	2	footer_neutrality=1;source_line=1	
souba/kyutoki-saitama/index.html	2	footer_neutrality=1;source_line=1	
souba/kyutoki-shiga/index.html	2	footer_neutrality=1;source_line=1	
souba/kyutoki-shimane/index.html	2	footer_neutrality=1;source_line=1	
souba/kyutoki-shinya-30man/index.html	2	footer_company_line=1;jsonld_alternateName=1	
souba/kyutoki-shizuoka/index.html	2	footer_neutrality=1;source_line=1	
souba/kyutoki-tochigi/index.html	2	footer_neutrality=1;source_line=1	
souba/kyutoki-tokushima/index.html	2	footer_neutrality=1;source_line=1	
souba/kyutoki-tokyo/index.html	2	footer_neutrality=1;source_line=1	
souba/kyutoki-tottori/index.html	2	footer_neutrality=1;source_line=1	
souba/kyutoki-toyama/index.html	2	footer_neutrality=1;source_line=1	
souba/kyutoki-wakayama/index.html	2	footer_neutrality=1;source_line=1	
souba/kyutoki-yamagata/index.html	2	footer_neutrality=1;source_line=1	
souba/kyutoki-yamaguchi/index.html	2	footer_neutrality=1;source_line=1	
souba/kyutoki-yamanashi/index.html	2	footer_neutrality=1;source_line=1	
souba/kyutoki-yoru/index.html	2	copyright=1;jsonld_alternateName=1	
souba/kyutoki/index.html	3	copyright=1;jsonld_alternateName=1;other_text=1	
souba/loan/index.html	2	copyright=1;jsonld_alternateName=1	
souba/mado/index.html	1	jsonld_alternateName=1	
souba/mitsumori-hikaku-shikata/index.html	4	copyright=1;footer_neutrality=1;jsonld_name=1;other_text=1	
souba/mitsumori-hikaku/index.html	2	copyright=1;jsonld_alternateName=1	
souba/mitsumori-ichishiki/index.html	1	jsonld_alternateName=1	
souba/mitsumori-issiki/index.html	3	copyright=1;jsonld_alternateName=1;jsonld_name=1	
souba/mitsumori-itsushika-kakenai/index.html	4	copyright=1;footer_neutrality=1;jsonld_name=1;other_text=1	
souba/mokuzo-kaitai-tsubo-souba/index.html	3	copyright=1;jsonld_name=2	
souba/munaita-check/index.html	3	copyright=1;jsonld_name=1;other_text=1	
souba/munaita-koukan-souba/index.html	3	copyright=1;jsonld_name=2	
souba/naishou-tosou/index.html	2	copyright=1;jsonld_alternateName=1	
souba/nodate-kanban-secchi-hiyou/index.html	2	copyright=1;jsonld_alternateName=1	
souba/reform-100man/index.html	1	jsonld_alternateName=1	
souba/reform-chiiki-kakei-souba/index.html	3	copyright=1;jsonld_name=2	
souba/renovation/index.html	3	jsonld_alternateName=1;jsonld_name=2	
souba/roof-150man/index.html	1	jsonld_alternateName=1	
souba/roof/index.html	2	copyright=1;jsonld_alternateName=1	
souba/senmen/index.html	2	copyright=1;jsonld_alternateName=1	
souba/shinchiku/index.html	1	jsonld_alternateName=1	
souba/shiroari-30tsubo-hiyou/index.html	3	copyright=1;jsonld_name=2	
souba/shiroari-50man-sagida/index.html	2	footer_company_line=1;jsonld_alternateName=1	
souba/shiroari-50man/index.html	1	jsonld_alternateName=1	
souba/shiroari-aichi/index.html	2	footer_neutrality=1;source_line=1	
souba/shiroari-akita/index.html	2	footer_neutrality=1;source_line=1	
souba/shiroari-aomori/index.html	2	footer_neutrality=1;source_line=1	
souba/shiroari-check/index.html	3	copyright=1;jsonld_name=1;other_text=1	
souba/shiroari-chiba/index.html	2	footer_neutrality=1;source_line=1	
souba/shiroari-ehime/index.html	2	footer_neutrality=1;source_line=1	
souba/shiroari-fukui/index.html	2	footer_neutrality=1;source_line=1	
souba/shiroari-fukuoka/index.html	2	footer_neutrality=1;source_line=1	
souba/shiroari-fukushima/index.html	2	footer_neutrality=1;source_line=1	
souba/shiroari-gifu/index.html	2	footer_neutrality=1;source_line=1	
souba/shiroari-gunma/index.html	2	footer_neutrality=1;source_line=1	
souba/shiroari-hiroshima/index.html	2	footer_neutrality=1;source_line=1	
souba/shiroari-hokkaido/index.html	2	footer_neutrality=1;source_line=1	
souba/shiroari-hyogo/index.html	2	footer_neutrality=1;source_line=1	
souba/shiroari-ibaraki/index.html	2	footer_neutrality=1;source_line=1	
souba/shiroari-ishikawa/index.html	2	footer_neutrality=1;source_line=1	
souba/shiroari-iwate/index.html	2	footer_neutrality=1;source_line=1	
souba/shiroari-kagawa/index.html	2	footer_neutrality=1;source_line=1	
souba/shiroari-kagoshima/index.html	2	footer_neutrality=1;source_line=1	
souba/shiroari-kanagawa/index.html	2	footer_neutrality=1;source_line=1	
souba/shiroari-kochi/index.html	2	footer_neutrality=1;source_line=1	
souba/shiroari-kujo-tanka-souba/index.html	3	copyright=1;jsonld_name=2	
souba/shiroari-kumamoto/index.html	2	footer_neutrality=1;source_line=1	
souba/shiroari-kyoto/index.html	2	footer_neutrality=1;source_line=1	
souba/shiroari-mie/index.html	2	footer_neutrality=1;source_line=1	
souba/shiroari-miyagi/index.html	2	footer_neutrality=1;source_line=1	
souba/shiroari-miyazaki/index.html	2	footer_neutrality=1;source_line=1	
souba/shiroari-nagano/index.html	2	footer_neutrality=1;source_line=1	
souba/shiroari-nagasaki/index.html	2	footer_neutrality=1;source_line=1	
souba/shiroari-nara/index.html	2	footer_neutrality=1;source_line=1	
souba/shiroari-niigata/index.html	2	footer_neutrality=1;source_line=1	
souba/shiroari-oita/index.html	2	footer_neutrality=1;source_line=1	
souba/shiroari-okayama/index.html	2	footer_neutrality=1;source_line=1	
souba/shiroari-okinawa/index.html	2	footer_neutrality=1;source_line=1	
souba/shiroari-osaka/index.html	2	footer_neutrality=1;source_line=1	
souba/shiroari-saga/index.html	2	footer_neutrality=1;source_line=1	
souba/shiroari-saitama/index.html	2	footer_neutrality=1;source_line=1	
souba/shiroari-shiga/index.html	2	footer_neutrality=1;source_line=1	
souba/shiroari-shimane/index.html	2	footer_neutrality=1;source_line=1	
souba/shiroari-shizuoka/index.html	2	footer_neutrality=1;source_line=1	
souba/shiroari-tochigi/index.html	2	footer_neutrality=1;source_line=1	
souba/shiroari-tokushima/index.html	2	footer_neutrality=1;source_line=1	
souba/shiroari-tokyo/index.html	2	footer_neutrality=1;source_line=1	
souba/shiroari-tottori/index.html	2	footer_neutrality=1;source_line=1	
souba/shiroari-toyama/index.html	2	footer_neutrality=1;source_line=1	
souba/shiroari-wakayama/index.html	2	footer_neutrality=1;source_line=1	
souba/shiroari-yakuzai-genka/index.html	2	footer_company_line=1;jsonld_alternateName=1	
souba/shiroari-yamagata/index.html	2	footer_neutrality=1;source_line=1	
souba/shiroari-yamaguchi/index.html	2	footer_neutrality=1;source_line=1	
souba/shiroari-yamanashi/index.html	2	footer_neutrality=1;source_line=1	
souba/shiroari/index.html	3	copyright=1;jsonld_alternateName=1;other_text=1	
souba/shoksenki-koukan-bottakuri/index.html	2	footer_company_line=1;jsonld_alternateName=1	
souba/sofa-gaiheki-hyomenshori/index.html	2	footer_company_line=1;jsonld_alternateName=1	
souba/sokuji-keiyaku-kyosei-taido/index.html	2	footer_company_line=1;jsonld_alternateName=1	
souba/solar/index.html	2	copyright=1;jsonld_alternateName=1	
souba/suido-moure/index.html	1	jsonld_alternateName=1	
souba/taifu-ato/index.html	1	jsonld_alternateName=1	
souba/taifugo-gyosha-kita/index.html	2	footer_company_line=1;jsonld_alternateName=1	
souba/taiko-kouji-shuuri-huka/index.html	2	footer_company_line=1;jsonld_alternateName=1	
souba/taishaku-taiko-taikyo-hiyou/index.html	3	copyright=1;footer_neutrality=1;jsonld_name=1	
souba/taishin/index.html	2	copyright=1;jsonld_alternateName=1	
souba/taiya-nuritsugu-higaisha/index.html	2	footer_company_line=1;jsonld_alternateName=1	
souba/tenpo/index.html	4	jsonld_alternateName=1;jsonld_name=3	
souba/toilet-50man/index.html	1	jsonld_alternateName=1	
souba/toilet-check/index.html	3	copyright=1;jsonld_name=1;other_text=1	
souba/toilet-suidou-bottakuri/index.html	2	footer_company_line=1;jsonld_alternateName=1	
souba/toilet-tankless-souba/index.html	3	copyright=1;jsonld_name=2	
souba/toilet/index.html	1	jsonld_alternateName=1	
souba/tsuika-koujhi-kotowari-kata/index.html	4	copyright=1;footer_neutrality=1;jsonld_name=1;other_text=1	
souba/tsuika-seikyuu/index.html	2	copyright=1;jsonld_alternateName=1	
souba/uchimado-check/index.html	3	copyright=1;jsonld_name=1;other_text=1	
souba/uchimado-secchi-souba/index.html	3	copyright=1;jsonld_name=2	
souba/unit-bath-1616-souba/index.html	3	copyright=1;jsonld_name=2	
souba/unit-bath-1620-hiyou/index.html	3	copyright=1;jsonld_name=2	
souba/veranda-frp-bousui-souba/index.html	3	copyright=1;jsonld_name=2	
souba/veranda/index.html	2	copyright=1;jsonld_alternateName=1	
souba/washiki-yoshiki-toilet-hiyou/index.html	3	copyright=1;jsonld_name=2	
souba/water-heater-check/index.html	3	copyright=1;jsonld_name=1;other_text=1	
souba/yane-100man/index.html	1	jsonld_alternateName=1	
souba/yane-200man-takai/index.html	2	footer_company_line=1;jsonld_alternateName=1	
souba/yane-aichi/index.html	4	copyright=1;footer_neutrality=1;jsonld_name=1;other_text=1	HAS_SIGNED_OR_CLAIM
souba/yane-akita/index.html	2	footer_neutrality=1;source_line=1	
souba/yane-aomori/index.html	2	footer_neutrality=1;source_line=1	
souba/yane-check/index.html	3	copyright=1;jsonld_name=1;other_text=1	
souba/yane-chiba/index.html	4	copyright=1;footer_neutrality=1;jsonld_name=1;other_text=1	HAS_SIGNED_OR_CLAIM
souba/yane-cover-galvalume-souba/index.html	3	copyright=1;jsonld_name=2	
souba/yane-ehime/index.html	2	footer_neutrality=1;source_line=1	
souba/yane-fukikae-galvalume-souba/index.html	3	copyright=1;jsonld_name=2	
souba/yane-fukikae-slate-hiyou/index.html	3	copyright=1;jsonld_name=2	
souba/yane-fukui/index.html	2	footer_neutrality=1;source_line=1	
souba/yane-fukuoka/index.html	4	copyright=1;footer_neutrality=1;jsonld_name=1;other_text=1	HAS_SIGNED_OR_CLAIM
souba/yane-fukushima/index.html	2	footer_neutrality=1;source_line=1	
souba/yane-gifu/index.html	2	footer_neutrality=1;source_line=1	
souba/yane-gunma/index.html	2	footer_neutrality=1;source_line=1	
souba/yane-hiroshima/index.html	2	footer_neutrality=1;source_line=1	
souba/yane-hokkaido/index.html	4	copyright=1;footer_neutrality=1;jsonld_name=1;other_text=1	HAS_SIGNED_OR_CLAIM
souba/yane-hyogo/index.html	4	copyright=1;footer_neutrality=1;jsonld_name=1;other_text=1	HAS_SIGNED_OR_CLAIM
souba/yane-ibaraki/index.html	2	footer_neutrality=1;source_line=1	
souba/yane-ishikawa/index.html	2	footer_neutrality=1;source_line=1	
souba/yane-iwate/index.html	2	footer_neutrality=1;source_line=1	
souba/yane-kagawa/index.html	2	footer_neutrality=1;source_line=1	
souba/yane-kagoshima/index.html	2	footer_neutrality=1;source_line=1	
souba/yane-kanagawa/index.html	4	copyright=1;footer_neutrality=1;jsonld_name=1;other_text=1	HAS_SIGNED_OR_CLAIM
souba/yane-kochi/index.html	2	footer_neutrality=1;source_line=1	
souba/yane-kumamoto/index.html	2	footer_neutrality=1;source_line=1	
souba/yane-kyoto/index.html	2	footer_neutrality=1;source_line=1	
souba/yane-mie/index.html	2	footer_neutrality=1;source_line=1	
souba/yane-miyagi/index.html	2	footer_neutrality=1;source_line=1	
souba/yane-miyazaki/index.html	2	footer_neutrality=1;source_line=1	
souba/yane-nagano/index.html	2	footer_neutrality=1;source_line=1	
souba/yane-nagasaki/index.html	2	footer_neutrality=1;source_line=1	
souba/yane-nara/index.html	2	footer_neutrality=1;source_line=1	
souba/yane-niigata/index.html	2	footer_neutrality=1;source_line=1	
souba/yane-nurikai-hitsuyou/index.html	4	copyright=1;footer_neutrality=1;jsonld_name=1;other_text=1	
souba/yane-oita/index.html	2	footer_neutrality=1;source_line=1	
souba/yane-okayama/index.html	2	footer_neutrality=1;source_line=1	
souba/yane-okinawa/index.html	2	footer_neutrality=1;source_line=1	
souba/yane-osaka/index.html	4	copyright=1;footer_neutrality=1;jsonld_name=1;other_text=1	HAS_SIGNED_OR_CLAIM
souba/yane-saga/index.html	2	footer_neutrality=1;source_line=1	
souba/yane-saitama/index.html	4	copyright=1;footer_neutrality=1;jsonld_name=1;other_text=1	HAS_SIGNED_OR_CLAIM
souba/yane-shiga/index.html	2	footer_neutrality=1;source_line=1	
souba/yane-shimane/index.html	2	footer_neutrality=1;source_line=1	
souba/yane-shizuoka/index.html	2	footer_neutrality=1;source_line=1	
souba/yane-tobikomi/index.html	2	copyright=1;jsonld_alternateName=1	
souba/yane-tochigi/index.html	2	footer_neutrality=1;source_line=1	
souba/yane-tokushima/index.html	2	footer_neutrality=1;source_line=1	
souba/yane-tokyo/index.html	4	copyright=1;footer_neutrality=1;jsonld_name=1;other_text=1	HAS_SIGNED_OR_CLAIM
souba/yane-tosou-30tsubo-souba/index.html	3	copyright=1;jsonld_name=2	
souba/yane-tottori/index.html	2	footer_neutrality=1;source_line=1	
souba/yane-toyama/index.html	2	footer_neutrality=1;source_line=1	
souba/yane-wakayama/index.html	2	footer_neutrality=1;source_line=1	
souba/yane-yamagata/index.html	2	footer_neutrality=1;source_line=1	
souba/yane-yamaguchi/index.html	2	footer_neutrality=1;source_line=1	
souba/yane-yamanashi/index.html	2	footer_neutrality=1;source_line=1	
souba/yane/index.html	3	copyright=1;jsonld_alternateName=1;other_text=1	
souba/yuka-dannetsu-souba/index.html	3	copyright=1;jsonld_name=2	
souba/yuka-kishimi/index.html	1	jsonld_alternateName=1	
souba/yukadanbou/index.html	2	copyright=1;jsonld_alternateName=1	
souba/zairai-unitbath-hiyou/index.html	3	copyright=1;jsonld_name=2	
spec/index.html	3	copyright=1;jsonld_name=1;other_text=1	HAS_SIGNED_OR_CLAIM
statistics_en.html	1	footer_neutrality=1	
system/index.html	2	other_text=2	
thankyou.html	2	footer_neutrality=1;other_text=1	
tos/index.html	4	copyright=1;jsonld_alternateName=1;other_text=2	
tsuika-koji/index.html	2	footer_neutrality=1;jsonld_name=1	
verify-directory/ja/index.html	2	other_text=2	
verify/index.html	1	jsonld_alternateName=1	HAS_SIGNED_OR_CLAIM
webmcp/a2a-agent-renkei/index.html	3	copyright=1;jsonld_name=2	
webmcp/agent-card-toha/index.html	3	copyright=1;jsonld_name=2	
webmcp/estimate-integrity-audit-api/index.html	3	copyright=1;jsonld_name=2	
webmcp/index.html	1	copyright=1	
webmcp/intake-estimate-tool/index.html	3	copyright=1;jsonld_name=2	
webmcp/kira-multi-platform/index.html	3	copyright=1;jsonld_name=2	
webmcp/mcp-server-setup/index.html	3	copyright=1;jsonld_name=2	
webmcp/orchestrate-tool/index.html	3	copyright=1;jsonld_name=2	
webmcp/property-reform-intake-a2a/index.html	3	copyright=1;jsonld_name=2	
webmcp/verification-contract-toha/index.html	3	copyright=1;jsonld_name=2	HAS_SIGNED_OR_CLAIM
webmcp/webmcp-toha/index.html	3	copyright=1;jsonld_name=2	
widget.html	4	footer_neutrality=1;jsonld_name=1;other_text=2	
yakumo/apply/index.html	4	copyright=1;other_text=3	
yakumo/faq/yakumo-area-5ed64c-faq-1/index.html	3	copyright=1;jsonld_alternateName=1;other_text=1	
yakumo/faq/yakumo-nagakute-faq-gaiheki-tosou/index.html	3	copyright=1;jsonld_alternateName=1;other_text=1	
yakumo/faq/yakumo-nagakute-faq-naiso/index.html	3	copyright=1;jsonld_alternateName=1;other_text=1	
yakumo/faq/yakumo-nagakute-faq-yane/index.html	3	copyright=1;jsonld_alternateName=1;other_text=1	
yakumo/index.html	3	jsonld_alternateName=1;other_text=2	
yakumo/llmo/yakumo-kensho-zumi-kameiten-toha/index.html	7	copyright=1;jsonld_alternateName=1;jsonld_name=1;other_text=4	
yakumo/llmo/yakumo-tekiseika-kensho-no-shikumi/index.html	4	copyright=1;jsonld_alternateName=1;jsonld_name=1;other_text=1	
yakumo/no001/index.html	2	copyright=1;jsonld_alternateName=1	HAS_SIGNED_OR_CLAIM
yakumo/no002/index.html	3	copyright=1;jsonld_name=1;other_text=1	
yakumo/plans/index.html	1	other_text=1	
yakumo/register/index.html	4	jsonld_name=1;other_text=3	
yakumo/souba/gaiheki-tosou-nagakute/index.html	3	copyright=1;jsonld_alternateName=1;other_text=1	
yakumo/souba/naiso-nagakute/index.html	3	copyright=1;jsonld_alternateName=1;other_text=1	
yakumo/souba/work-4b28d8-area-5ed64c/index.html	3	copyright=1;jsonld_alternateName=1;other_text=1	
yakumo/souba/work-82846d-area-5ed64c/index.html	3	copyright=1;jsonld_alternateName=1;other_text=1	
yakumo/souba/work-9b40da-area-5ed64c/index.html	3	copyright=1;jsonld_alternateName=1;other_text=1	
yakumo/souba/work-d99e1b-area-5ed64c/index.html	3	copyright=1;jsonld_alternateName=1;other_text=1	
yakumo/souba/yane-nagakute/index.html	3	copyright=1;jsonld_alternateName=1;other_text=1	
yakumo/store/index.html	1	other_text=1	HAS_SIGNED_OR_CLAIM
yakumo/through-list/index.html	1	jsonld_alternateName=1	
yakumo/webmcp/yakumo-verified-stores-mcp/index.html	4	copyright=1;jsonld_alternateName=1;jsonld_name=1;other_text=1	
