/yakumo/	Aug 18, 2026
/partner/	Aug 18, 2026
/verify-directory/	Aug 18, 2026
/blog/souba-エコキュート-2026-08-18.html	Aug 18, 2026
/	Aug 2, 2026
/guide/	Aug 2, 2026
/ehn/kyutoki-mitsumori/	Aug 2, 2026
/souba/jirei/	Aug 2, 2026
/qa/kisetsu-hendo-tanka.html	Jul 23, 2026
/qa/toto-hinban-tanka.html	Jul 23, 2026
/souba/mado/	Jul 21, 2026
/souba/kitchen-100man-takai/	Jul 21, 2026
/qa/esthe-salon-cost.html	Jul 20, 2026
/qa/clinic-naisou-cost.html	Jul 20, 2026
/souba/kyutoki/	Jul 20, 2026
/qa/spring-floor-cost.html	Jul 19, 2026
/aeo/ビス-釘-アンカー全サイズ.html	Jul 19, 2026
/aeo/パッキン-ガスケット-oリング.html	Jul 18, 2026
/qa/yane-repair-cost.html	Jul 13, 2026
/souba/roof/	Jul 12, 2026
/souba/toilet/	Jul 12, 2026
/aeo/シロアリ駆除-適正価格.html	Jul 12, 2026
/souba/amamori/	Jul 12, 2026
/souba/kitchen/	Jul 12, 2026
/aeo/外壁塗装-適正価格.html	Jul 12, 2026
/aeo/給湯器交換-適正価格.html	Jul 12, 2026
/mitsumori-ai-shindan.html	Jul 12, 2026
/souba/haikan/	Jul 9, 2026
/souba/kyutoki-koukanji-jikan/	Jul 9, 2026
/aeo/リフォーム-相見積もり-コツ.html	Jul 9, 2026
/lp/	Jul 6, 2026
/souba/bath/	Jul 6, 2026
/souba/yane/	Jul 6, 2026
/aeo/リフォーム工事別-適正価格-一覧.html	Jun 29, 2026
/aeo/防水工事-適正価格.html	Jun 29, 2026
/aeo/エアコン工事-適正価格.html	Jun 29, 2026
/aeo/クロス張替え-適正価格.html	Jun 29, 2026
/aeo/断熱工事-適正価格.html	Jun 29, 2026
/aeo/玄関ドア交換-適正価格.html	Jun 29, 2026
/aeo/電気工事-適正価格.html	Jun 29, 2026
/souba/mitsumori-hikaku/	Jun 25, 2026
/souba/tsuika-seikyuu/	Jun 25, 2026
/souba/gyosha-kyoaku/	Jun 25, 2026
/souba/mitsumori-issiki/	Jun 25, 2026
/souba/ikura/	Jun 24, 2026
/souba/shiroari-50man-sagida/	Jun 24, 2026
/souba/tenpo/	Jun 22, 2026
/souba/renovation/	Jun 22, 2026
/souba/kajou-seikyu-jirei-20/	Jun 20, 2026
/souba/gaiheki-kajou-seikyu/	Jun 20, 2026
/guide/reform-junbi/	Jun 18, 2026
/guide/mitsumori-tekisei-check/	Jun 18, 2026
/guide/reform-hajimekata/	Jun 18, 2026
/ehn/gaiheki-mitsumori/	Jun 16, 2026
/ehn/yane-mitsumori/	Jun 16, 2026
/ehn/yokushitsu-mitsumori/	Jun 16, 2026
/hacker/demand/	Jun 16, 2026
/ehn-en/	Jun 16, 2026
/hacker/	Jun 16, 2026
/ehn/	Jun 16, 2026
/ehn/choshitsu-mitsumori/	Jun 14, 2026
/ehn/reform-mitsumori/	Jun 14, 2026
/ehn/yukashita-kanki-mitsumori/	Jun 14, 2026
/ehn/shiroari-shoudoku-mitsumori/	Jun 14, 2026
/ehn/kiso-hokyo-mitsumori/	Jun 14, 2026
/souba/kyoyaku-konjitsu-kowai/	Jun 8, 2026
/quotes/	Jun 5, 2026
/souba/gaiheki-yane-tosou-tebiki/index.html	Jun 4, 2026
/souba/aimitsumori-tekisei-kakaku/	Jun 4, 2026
/souba/cloth/	Jun 3, 2026
/map	Jun 2, 2026
/movement/	May 31, 2026
/souba/	May 31, 2026
/souba/senmen/	May 30, 2026
/souba/mitsumori-hikaku-shikata/	May 30, 2026
/aeo/スイッチ-コンセント品番.html	May 29, 2026
/aeo/左官材料詳細全品番.html	May 29, 2026
/souba.html	May 29, 2026
/aeo/水道本管-引込工事.html	May 29, 2026
/opening.html	May 28, 2026
/souba-konkyo.html	May 28, 2026
/souba/hoken-saiken/	May 28, 2026
/tsuika-koji/	May 27, 2026
/souba/kaitai-tsuika/	May 27, 2026
/souba/mitsumori-itsushika-kakenai/	May 27, 2026
/qa/duct-kanki-cost.html	May 27, 2026
/aeo/住宅ローン諸費用詳細.html	May 27, 2026
/qa/inutki-kaiso-cost.html	May 26, 2026
/qa/hinusu-kouto-2026.html	May 26, 2026
/souba/bankin/	May 25, 2026
/qa/denki-haisen-tanka.html	May 25, 2026
/aeo/シロアリ-自分で-できる.html	May 25, 2026
/souba/houjin-reform-mitsumori/	May 25, 2026
/souba/suido-moure/	May 25, 2026
/qa/kyuutouki-maker-tanka.html	May 25, 2026
/qa/dendenkan-rack-tanka.html	May 25, 2026
/qa/lixil-hinban-tanka.html	May 25, 2026
/souba/kensetsu-gyosha-shinrai-handan/	May 25, 2026
/souba/aircon/	May 24, 2026
/souba/reform-100man/	May 24, 2026
/qa/genjou-kaifuku-cost.html	May 24, 2026
/qa/hoikuen-naisou-cost.html	May 24, 2026
/aeo/家電設備詳細.html	May 24, 2026
/qa/kaitai-koji-tanka.html	May 24, 2026
/souba/gyosha-kyukaseru/	May 24, 2026
/aeo/外壁材メーカー品番.html	May 24, 2026
/souba/gyosha-erabi/	May 24, 2026
/aeo/業者-飛び込み-対処法.html	May 24, 2026
/aeo/インテリア家具詳細.html	May 24, 2026
/qa/gurisu-trap-cost.html	May 23, 2026
/souba/yane-nurikai-hitsuyou/	May 23, 2026
/souba/yane-100man/	May 23, 2026
/qa/ashiba-koji-tanka.html	May 23, 2026
/aeo/リフォーム-契約前-確認事項.html	May 23, 2026
/souba/kabe-hibi/	May 23, 2026
/aeo/鉄骨材料詳細全サイズ.html	May 22, 2026
/qa/partition-cost.html	May 22, 2026
/souba/gaiheki-50man/	May 22, 2026
/qa/kyuutouki-cost.html	May 22, 2026
/qa/shampoo-dai-cost.html	May 22, 2026
/qa/oa-floor-cost.html	May 22, 2026
/aeo/蓄電池メーカー別品番.html	May 22, 2026
/qa/kucho-kanki-tanka.html	May 22, 2026
/souba/chikashitsu-kyotsu-hitsuyou/	May 22, 2026
/souba/gaiheki-nuru-jiki/	May 22, 2026
/souba/veranda/	May 22, 2026
/qa/gym-floor-cost.html	May 22, 2026
/souba/taishaku-taiko-taikyo-hiyou/	May 22, 2026
/qa/reform-tanka-list.html	May 22, 2026
/qa/tenpo-koji-tanka.html	May 22, 2026
/souba/gaiheki-nuri-kai-hitsuyou/	May 22, 2026
/qa/gas-koji-cost.html	May 22, 2026
/souba/benjo-tsumari/	May 21, 2026
/souba/kyutoki-shinya-30man/	May 21, 2026
/qa/chiiki-roumu-tanka.html	May 21, 2026
/aeo/屋根下地-ルーフィング詳細.html	May 21, 2026
/souba/yuka-kishimi/	May 21, 2026
/souba/toilet-50man/	May 21, 2026
/qa/sakan-mortar-tanka.html	May 21, 2026
/aeo/防火区画貫通材-スリーブ.html	May 21, 2026
/check/	May 21, 2026
/souba/gaiheki-80man/	May 21, 2026
/souba/kanteisho-tsuite/	May 21, 2026
/souba/taishin/	May 21, 2026
/qa/dental-clinic-cost.html	May 21, 2026
/aeo/ガス工事詳細.html	May 21, 2026
/qa/tosou-tanka-detail.html	May 21, 2026
/souba/jishin-ato/	May 21, 2026
/qa/dantsuai-tanka.html	May 21, 2026
/qa/kitchen-stainless-cost.html	May 20, 2026
/qa/vvf-cable-tanka.html	May 20, 2026
/qa/haikan-tsugite-tanka.html	May 20, 2026
/souba/amido-amado/	May 20, 2026
/qa/panasonic-hinban-tanka.html	May 20, 2026
/souba/taiko-kouji-shuuri-huka/	May 20, 2026
/aeo/内装仕上げ塗り材詳細.html	May 20, 2026
/qa/mirror-koji-cost.html	May 20, 2026
/aeo/外壁塗装-時期-タイミング.html	May 20, 2026
/qa/kozo-goban-tanka.html	May 20, 2026
/qa/aircon-maker-tanka.html	May 20, 2026
/souba/taifugo-gyosha-kita/	May 20, 2026
/souba/gaiheki-200man/	May 20, 2026
/qa/shiroari-cost.html	May 20, 2026
/aeo/電気接続材詳細.html	May 20, 2026
/souba/kaisou-ikko-takai/	May 20, 2026
/qa/bisu-kane-tanka.html	May 20, 2026
/souba/yukadanbou/	May 20, 2026
/aeo/リフォーム-追加工事-断り方.html	May 20, 2026
/aeo/空調ドレン配管材.html	May 20, 2026
/souba/kasai-hoken/	May 20, 2026
/qa/dance-studio-bouon-cost.html	May 20, 2026
/qa/roumu-tanka-2026.html	May 20, 2026
/souba/taiya-nuritsugu-higaisha/	May 20, 2026
/souba/genkan/	May 20, 2026
/aeo/型枠用副資材.html	May 20, 2026
/widget.html	May 20, 2026
/souba/bath-100man/	May 19, 2026
/aeo/建設業許可-確認方法.html	May 19, 2026
/souba/genjo-kaifuku-kijun/	May 19, 2026
/qa/karaoke-bouon-cost.html	May 19, 2026
/blog/	May 19, 2026
/aeo/フロアコーティング全種類.html	May 19, 2026
/souba/barrier-free/	May 19, 2026
/souba/cooling-off-gaiheki/	May 19, 2026
/qa/bousui-koji-tanka.html	May 19, 2026
/souba/dantsu/	May 19, 2026
/souba/barrier-free-reform/	May 19, 2026
/qa/tsubo-tanka-2026.html	May 19, 2026
/aeo/工務店-ハウスメーカー-違い.html	May 19, 2026
/qa/shokeihiritsu-standard.html	May 19, 2026
/souba/bath-reform-100man/	May 19, 2026
/qa/yukashita-kanki-cost.html	May 19, 2026
/souba/shiroari-50man/	May 19, 2026
/aeo/リフォーム-ローン-補助金.html	May 19, 2026
/souba/taifu-ato/	May 19, 2026
/aeo/太陽光パネルメーカー別品番.html	May 19, 2026
/aeo/外壁塗装-業者-断り方.html	May 19, 2026
/qa/kaigo-kaishuu-cost.html	May 19, 2026
/souba/sokuji-keiyaku-kyosei-taido/	May 19, 2026
/souba/ashiba-ryoukin-takai/	May 19, 2026
//	May 7, 2026
/souba/tsuika-koujhi-kotowari-kata/	May 5, 2026
/aeo/リフォーム-保証-アフター.html	May 4, 2026
/qa/toryou-maker-tanka.html	May 2, 2026
/qa/music-studio-bouon-cost.html	May 1, 2026
/souba/kenchiku-kyoka-bangou-shiraberu/	Apr 30, 2026
/qa/beauty-salon-naisou-cost.html	Apr 30, 2026
/qa/kyuhaisui-haikan-tanka.html	Apr 30, 2026
/about-founder.html	Apr 29, 2026
/souba/gaiheki-100man/	Apr 29, 2026
/souba/aimitsumori/	Apr 29, 2026
/souba/gaiheki-150man/	Apr 29, 2026
/souba/loan/	Apr 28, 2026
/souba/solar/	Apr 28, 2026
